Информацията е актуална към 10.06.2022 г.,,,,,,
Рег. №,Дата на регистрация,Модел,Сериен №,Рег. знак,Категория ВС,Основание за придобиване на права
3061,6/1/22,Airbus A330-243,0392,LZ-DAY,Large Aeroplane,Holdership Agreement
2838,5/31/22,P92S Echo,00771,LZ-DBB,Small Aeroplane,Purchase and Sale Agreement
3059,5/31/22,Boeing B737-800,36820,LZ-DCH,Large Aeroplane,Holdership Agreement
3058,5/26/22,VL-3TE-915,VL-3-448,LZ-BSJ,Small Aeroplane,Purchase and Sale Agreement
3057,5/23/22,TL-3000 Sirius,11-SI-46,LZ-313,Small Aeroplane,Bill of sale
3056,5/20/22,Airbus A320-232,2322,LZ-EAC,Large Aeroplane,Lease contract
3055,5/20/22,Airbus A320-232,2717,LZ-EAD,Large Aeroplane,Lease contract
3054,5/17/22,Airbus A320-214,02540,LZ-LAH,Large Aeroplane,Lease contract
3053,5/16/22,Boeing 737-430,27003,LZ-GPA,Large Aeroplane,Lease contract
3052,5/12/22,CT,99-12-05-79,LZ-PAA,Very Light Aeroplane,Purchase and Sale Agreement
3051,5/11/22,Zlin 242L Zeus ,0855,LZ-AFU,Small Aeroplane,Operating Agreement
3050,5/11/22,Zlin 242 L Zeus ,0854,LZ-AFA,Small Aeroplane,Operating Agreement
3049,5/3/22,Airbus A330-243 ,0248,LZ-DCE,Large Aeroplane,Holdership Agreement
2839,4/21/22,Airbus A320-232 ,2457,LZ-BHM,Large Aeroplane,Lease contract
3047,4/19/22,Airbus A321-211 ,A1503,LZ-MDL,Large Aeroplane,Lease contract
3045,4/8/22,Boeing B737-800 ,A28616,LZ-CXB,Large Aeroplane,Lease contract
3044,4/5/22,Boeing 737-300 ,28332,LZ-CPA,Large Aeroplane,Holdership Agreement
2264,4/5/22,M18A ,1Z015-13,LZ-DRB,Small Aeroplane,Purchase and Sale Agreement
2263,4/5/22,M18A ,1Z020-26,LZ-DRA,Small Aeroplane,Purchase and Sale Agreement
2374,4/4/22,P2002-JR ,196,LZ-DEG,Small Aeroplane,Purchase and Sale Agreement
2843,4/4/22,Boeing 737-400 ,25188,LZ-TER,Large Aeroplane,Lease contract
2985,4/1/22,AVRO 146-RJ70 ,E1258,LZ-BRU,Large Aeroplane,Lease contract
2772,3/18/22,MTOsport (2017) ,M01578,LZ-TEK,Gyroplane,Purchase and Sale Agreement
2761,3/10/22,Boeing 737-300 ,25414,LZ-TYR,Large Aeroplane,Holdership Agreement
3034,3/9/22,Skypper 582 HP Xtrem Rouge ,T21022,LZ-LIO,Motor-hanglider,Purchase and Sale Agreement
3012,3/8/22,Airbus A320-232 ,2908,LZ-DBT,Large Aeroplane,Lease contract
2475,2/22/22,Ikarus C 42 B ,1102-7132,LZ-DEM,Very Light Aeroplane,Purchase and Sale Agreement
3026,2/17/22,Airbus A320-214 ,2140,LZ-DCC,Large Aeroplane,Holdership Agreement
3028,1/31/22,Airbus A319-111,5130,LZ-MAK,Large Aeroplane,Bill of sale
3027,1/21/22,Airbus A320-232,6136,LZ-DCD,Large Aeroplane,Holdership Agreement
2644,1/19/22,SZD-30 Pirat ,S-0503,LZ-PMP,Sailplane,Purchase and Sale Agreement
3011,1/14/22,Boeing B737-800,33003,LZ-MRX,Large Aeroplane,Holdership Agreement
3022,12/6/21,Boeing 737-800 ,28374,LZ-CGB,Large Aeroplane,Lease contract
3021,12/6/21,Boeing 737-86N ,34251,LZ-GNC,Large Aeroplane,Holdership Agreement
3020,12/6/21,RX-8,RX8-3129,LZ-MVS,Hot-air Balloon,Bill of sale
3019,12/2/21,Airbus A321-211 ,1451,LZ-MDF,Large Aeroplane,Lease contract
3018,12/2/21,Airbus A319-111 ,4875,LZ-MAD,Large Aeroplane,Bill of sale
3017,26.11.2021,Clipper II,11924,LZ-HAT,Small Aeroplane,Purchase and Sale Agreement
3015,19.11.2021,VL-3E-1,416,LZ-SOT,Small Aeroplane,Purchase and Sale Agreement
3014,16.11.2021,Airbus A319-111,04859,LZ-MAA,Large Aeroplane,Bill of sale
3013,11.11.2021,Antonov An-2,1G21621,LZ-1234,Small Aeroplane,Purchase and Sale Agreement
2753,06.10.2021,Cessna 525,525-0090,LZ-DIN,Small Aeroplane,Purchase and Sale Agreement
3005,01.10.2021,P2006T,340,LZ-DBW,Small Aeroplane,Purchase and Sale Agreement
2799,21.9.2021,"Piper PA-22 ""160""",22-6874,LZ-DPW,Small Aeroplane,Purchase and Sale Agreement
2603,20.9.2021,Cessna TR182,R18201656,LZ-VVS,Small Aeroplane,Purchase and Sale Agreement
3002,17.9.2021,Embraer EMB-505,50500628,LZ-JET,Large Aeroplane,Lease contract
2918,13.8.2021,Airbus A321-211,01713,LZ-GNH,Large Aeroplane,Purchase and Sale Agreement
2997,12.8.2021,ATR 72-212A,1077,LZ-DBM,Large Aeroplane,Holdership Agreement
2996,12.8.2021,ATR 72-212A,1091,LZ-DBN,Large Aeroplane,Holdership Agreement
2995,11.8.2021,Boeing 737-800,28826,LZ-CXA,Large Aeroplane,Lease contract
2993,10.8.2021,Boeing 737-800,29670,LZ-GNK,Large Aeroplane,Holdership Agreement
2991,30.7.2021,EMB-505,50500624,LZ-EGT,Large Aeroplane,Lease contract
2633,26.7.2021,390 (Premier I),RB-125,LZ-PDM,Small Aeroplane,Lease contract
2988,26.7.2021,Motor-handglider,001,LZ-RAI,Motor-hanglider,Property declaration
2986,22.7.2021,Cessna F-150L,849,LZ-ENG,Small Aeroplane,Purchase and Sale Agreement
2984,22.7.2021,Airbus A320-214,07238,LZ-FBH,Large Aeroplane,Lease contract
2982,08.7.2021,Cessna 560XL,560-5727,LZ-CVA,Small Aeroplane,Purchase and Sale Agreement
2981,1.7.2021,VL-3E-1,395,LZ-RIR,Small Aeroplane,Bill of sale
2980,1.7.2021,FC-5 Bllizard,001,LZ-KPY,Small Aeroplane,Property declaration
2979,30.6.2021,Airbus A320-214,07264,LZ-FBI,Large Aeroplane,Lease contract
2911,24.6.2021,Cessna 550 Citation Bravo,550-0972,LZ-VJT,Large Aeroplane,Purchase and Sale Agreement
2781,24.6.2021,Piaggio P.180 Avanti II,1159,LZ-ASR,Small Aeroplane,Purchase and Sale Agreement
2978,24.6.2021,Airbus A330-243,00328,LZ-DAE,Large Aeroplane,Holdership Agreement
2974,11.6.2021,Boeing 737-809,30664,LZ-CGA,Large Aeroplane,Purchase and Sale Agreement
2246,11.6.2021,Airbus A320-214,03780,LZ-FBE,Large Aeroplane,Lease contract
2973,02.6.2021,Steen Skybolt,002,LZ-DPS,Experimental,Purchase and Sale Agreement
2827,25.5.2021,Cessna U-206 D,U206-01287,LZ-KPR,Small Aeroplane,Purchase and Sale Agreement
2969,18.5.2021,Airbus A320-214,07345,LZ-FBK,Large Aeroplane,Lease contract
2967,13.5.2021,Gyroplane Cavalon,V00430,LZ-NUR,Gyroplane,Purchase and Sale Agreement
2968,13.5.2021,Piper PA-28RT-201T,28-R-813112,LZ-DEN,Small Aeroplane,Purchase and Sale Agreement
2793,12.5.2021,ADler,AD 180401,LZ-NRP,Paramotor-Trike,Purchase and Sale Agreement
2689,28.4.2021,Airbus A320-231,00259,LZ-LAE,Large Aeroplane,Purchase and Sale Agreement
2668,28.4.2021,Airbus A320-231,00321,LZ-LAG,Large Aeroplane,Purchase and Sale Agreement
2657,28.4.2021,Airbus A320-231,00296,LZ-LAC,Large Aeroplane,Purchase and Sale Agreement
2656,28.4.2021,Airbus A320-231,00353,LZ-LAD,Large Aeroplane,Purchase and Sale Agreement
2653,28.4.2021,Airbus A320-231,00276,LZ-LAB,Large Aeroplane,Purchase and Sale Agreement
2572,28.4.2021,Airbus A320-231,00256,LZ-LAA,Large Aeroplane,Purchase and Sale Agreement
2434,28.4.2021,Mc Donnell Douglas-80 MD-82,53230,LZ-LDJ,Large Aeroplane,Purchase and Sale Agreement
2433,28.4.2021,Mc Donnell Douglas-80 MD-82,53218,LZ-LDS,Large Aeroplane,Purchase and Sale Agreement
2424,28.4.2021,DC-9-82  (MD-82),53058,LZ-LDT,Large Aeroplane,Purchase and Sale Agreement
2423,28.4.2021,DC-9-82  (MD-82),53204,LZ-LDU,Large Aeroplane,Purchase and Sale Agreement
2299,28.4.2021,Mc Donnell Douglas-80 MD-82,53216,LZ-LDN,Large Aeroplane,Purchase and Sale Agreement
2288,28.4.2021,Mc Donnell Douglas-80 MD-82,49795,LZ-LDW,Large Aeroplane,Purchase and Sale Agreement
2287,28.4.2021,Mc Donnell Douglas-80 MD-82,49973,LZ-LDP,Large Aeroplane,Purchase and Sale Agreement
2286,28.4.2021,Mc Donnell Douglas-80 MD-82,53228,LZ-LDM,Large Aeroplane,Purchase and Sale Agreement
2372,13.4.2021,Cessna 172 M,172-65263,LZ-GIN,Small Aeroplane,Purchase and Sale Agreement
2928,31.3.2021,ATR 72-212A ‘600 version’,1371,LZ-DAI,Large Aeroplane,Lease contract
2927,31.3.2021,ATR 72-212A ‘600 version’,1352,LZ-DAJ,Large Aeroplane,Lease contract
2926,31.3.2021,ATR 72-212A ‘600 version’,1312,LZ-DAH,Large Aeroplane,Lease contract
2940,30.3.2021,Airbus A320-214,06012,LZ-FBG,Large Aeroplane,Lease contract
2884,26.2.2021,Airbus A330-223,00874,LZ-AWZ,Large Aeroplane,Purchase and Sale Agreement
2403,24.2.2021,Mi-8T,99357636,LZ-CAN,Rotorcraft,Purchase and Sale Agreement
2253,24.2.2021,Airbus A319-112,03188,LZ-AOB,Large Aeroplane,Purchase and Sale Agreement
1922,24.2.2021,Falcon 2000,123,LZ-OOI,Large Aeroplane,Purchase and Sale Agreement
1285,24.2.2021,Mi-8,10319,LZ-CAT,Rotorcraft,Purchase and Sale Agreement
2929,15.2.2021,Airbus A330-243,00326,LZ-DAA,Large Aeroplane,Purchase and Sale Agreement
2923,18.1.2021,Beechcraft C90A,LJ-1718,LZ-HKC,Small Aeroplane,Purchase and Sale Agreement
2922,15.1.2021,Boeing 737-49R,28882,LZ-CGY,Large Aeroplane,Purchase and Sale Agreement
2507,04.12.2020,ZENAIR CH 701 SP, 7-9557,LZ-KLV,Very Light Aeroplane,Purchase and Sale Agreement
2916,27.11.2020,LBL 150 A ,1209,LZ-RMX,Hot-air Balloon,Purchase and Sale Agreement
2912,3.11.2020,Bell 430 ,49074,LZ-STT,Rotorcraft,Purchase and Sale Agreement
2906,15.10.2020,Boeing 737-400 ,24686,LZ-PRS,Large Aeroplane,Lease contract
2905,09.10.2020,Airbus A320-233,03378,LZ-MDI,Large Aeroplane,Lease contract
2904,7.10.2020,Tiger Moth R-80 ,TM44,LZ-TGM,Very Light,Purchase and Sale Agreement
2880,5.10.2020,Socata Rallye 110 ST,3253,LZ-SEX,Small Aeroplane,Purchase and Sale Agreement
2899,16.9.2020,Cessna TR182,R18200898,LZ-DPB,Small Aeroplane,Purchase and Sale Agreement
2859,14.9.2020,Boeing 737-300,29060,LZ-BON,Large Aeroplane,Lease contract
2902,11.9.2020,Airbus A319-131,02469,LZ-GNI,Large Aeroplane,Purchase and Sale Agreement
2898,21.8.2020,Beechcraft King Air C90A,LJ-1284,LZ-HKB,Small Aeroplane,Purchase and Sale Agreement
2896,21.8.2020,Airbus A321-231,02916,LZ-DAB,Large Aeroplane,Purchase and Sale Agreement
2107,17.8.2020,Beech Super King Air-200,BB 1369,LZ-ITV,Small Aeroplane,Lease contract
2893,11.8.2020,Airbus A330-203,00811,LZ-ONE,Large Aeroplane,Lease contract
2841,23.7.2020,Cessna 182P,182-63886,LZ-SDB,Small Aeroplane,Purchase and Sale Agreement
2891,21.7.2020,MAGNI M 24 ORION,24116324,LZ-NKC,Gyroplane,Purchase and Sale Agreement
2890,06.7.2020,Kallithea,1,LZ-NKD,Gyroplane,Purchase and Sale Agreement
2889,01.7.2020,Cessna 177,885,LZ-SSC,Small Aeroplane,Purchase and Sale Agreement
2735,11.6.2020,BD-700-1A11 (Global 5000 GVFD),9693,LZ-VBE,Large Aeroplane,Purchase and Sale Agreement
2207,03.6.2020,Airbus A319-112,03309,LZ-FBB,Large Aeroplane,Lease contract
2203,03.6.2020,Airbus A319-112,03564,LZ-FBA,Large Aeroplane,Lease contract
2340,05.5.2020,Learjet 60,60-399,LZ-TRH,Large Aeroplane,Lease contract
2613,26.3.2020,DC-9-82  (MD-82),53053,LZ-ADV,Large Aeroplane,Purchase and Sale Agreement
2605,26.3.2020,DC-9-82  (MD-82),49552,LZ-DEO,Large Aeroplane,Purchase and Sale Agreement
2879,13.3.2020,Swan II,MK05 090301,LZ-FMS,Motor-hanglider,Purchase and Sale Agreement
2878,12.3.2020,Beechcraft E90 King Air,LW-136,LZ-HKA,Small Aeroplane,Purchase and Sale Agreement
2876,02.3.2020,A320-200,02112,LZ-GNF,Large Aeroplane,Purchase and Sale Agreement
2267,25.2.2020,R44 Raven II,12525,LZ-RAT,Small Rotorcraft,Purchase and Sale Agreement
2874,22.1.2020,PA-28RT-201 Arrow IV,28R-7918101,LZ-AOI,Small Aeroplane,Purchase and Sale Agreement
2873,13.1.2020,PEGASUS QUANTUM 15,7233,LZ-MZC,Motor-hanglider,Purchase and Sale Agreement
2464,27.12.2019,Swan II,MK04 131101,LZ-XAK,Motor-hanglider,Purchase and Sale Agreement
2869,18.12.2019,Cessna 152,152-83429,LZ-JIS,Small Aeroplane,Purchase and Sale Agreement
2868,18.12.2019,Cessna 310Q,310Q0051,LZ-RDX,Small Aeroplane,Purchase and Sale Agreement
2277,18.12.2019,Cessna T206H,T20608663,LZ-RAF,Small Aeroplane,Purchase and Sale Agreement
2867,17.12.2019,Bergfalke III,SN-5626,LZ-SPL,Glider,Purchase and Sale Agreement
2866,13.12.2019,Storch,00035,LZ-JAR,Very Light Aeroplane,Purchase and Sale Agreement
2320,13.12.2019,CL-600-2B16,05768,LZ-BVD,Large Aeroplane,Lease contract
1372,02.12.2019,Antonov An-2,1G21633,LZ-1246,Small Aeroplane,Purchase and Sale Agreement
2863,29.11.2019,Breezer C,00002,LZ-BRE,Small Aeroplane,Purchase and Sale Agreement
2740,25.11.2019,Eclipser,155/134,LZ-DEA,Motor-hanglider,Purchase and Sale Agreement
2860,22.11.2019,Boeing 737-300,27955,LZ-EBB,Large Aeroplane,Lease contract
2751,05.11.2019,Jabiru 470 SP,345,LZ-EKI,Very Light Aeroplane,Purchase and Sale Agreement
2857,04.11.2019,Cessna C550 Citation Bravo,864,LZ-XYZ,Large Aeroplane,Purchase and Sale Agreement
1801,15.10.2019,Antonov An-2,1G20618,LZ-1201,Small Aeroplane,Purchase and Sale Agreement
2849,29.8.2019,TL-2 ESO-2,97T001,LZ-VBP,Motor-hanglider,Purchase and Sale Agreement
2500,27.8.2019,PA-38-112,38-79A0764,LZ-MEC,Small Aeroplane,Purchase and Sale Agreement
2846,22.8.2019,Boeing 737-446,28832,LZ-CRI,Large Aeroplane,Lease contract
1802,22.8.2019,Antonov An-2,1G20621,LZ-1204,Small Aeroplane,Purchase and Sale Agreement
2845,08.8.2019,Airbus A321-231,00811,LZ-HEA,Large Aeroplane,Purchase and Sale Agreement
2840,10.7.2019,Airbus A320-232,02987,LZ-BHL,Large Aeroplane,Lease contract
2837,26.6.2019,Cavalon,V00404,LZ-AVS,Gyroplane,Purchase and Sale Agreement
2737,22.5.2019,Cavalon,V00287,LZ-IAZ,Gyroplane,Purchase and Sale Agreement
1931,02.5.2019,Antonov An-2,1G19912,LZ-1601,Small Aeroplane,Purchase and Sale Agreement
2831,23.4.2019,P2010,00081,LZ-PYH,Small Aeroplane,Purchase and Sale Agreement
2830,19.4.2019,Boeing 737-400,28038,LZ-CGW,Large Aeroplane,Purchase and Sale Agreement
2828,08.4.2019,Swan II Skyter,MK04 030401,LZ-TDC,Motor-hanglider,Purchase and Sale Agreement
2618,28.3.2019,Airbus A320-214,00879,LZ-MDO,Large Aeroplane,Lease contract
2247,27.3.2019,R44 Raven II,12534,LZ-RAD,Small Rotorcraft,Purchase and Sale Agreement
2736,21.3.2019,Airbus A320-232,01422,LZ-MDK,Large Aeroplane,Lease contract
2165,21.3.2019,Cirrus SR 22,00488,LZ-ALA,Small Aeroplane,Purchase and Sale Agreement
2501,13.3.2019,Ula-Ikarus C42B,0603-6797,LZ-IVA,Very Light Aeroplane,Purchase and Sale Agreement
2818,01.3.2019,Airbus A320-231,00308,LZ-EAB,Large Aeroplane,Lease contract
2817,26.2.2019,Ikarus C 42 B,1101-7130,LZ-TRE,Very Light Aeroplane,Purchase and Sale Agreement
2814,19.2.2019,Swan II,MK04 070602,LZ-IVO,Motor-hanglider,Purchase and Sale Agreement
2813,13.2.2019,Boeing 737-300,28037,LZ-BVT,Large Aeroplane,Lease contract
2812,05.2.2019,Viper Trike,31-08,LZ-SIM,Motor-hanglider,Purchase and Sale Agreement
2234,30.1.2019,Airbus A320-214,02596,LZ-FBD,Large Aeroplane,Lease contract
2808,21.1.2019,Boeing 737-300,26573,LZ-LVK,Large Aeroplane,Lease contract
2802,30.11.2018,Boeing 737-300,27708,LZ-BVU,Large Aeroplane,Lease contract
2801,30.11.2018,Boeing 737-300,28036,LZ-BVS,Large Aeroplane,Lease contract
2027,07.11.2018,Antonov An-2,1G18148,LZ-1181,Small Aeroplane,Purchase and Sale Agreement
2794,26.10.2018,PA-46-350P,4636717,LZ-NEO,Small Aeroplane,Bill of sale
1168,25.9.2018,Antonov An-2,1G19160,LZ-1410,Small Aeroplane,Lease contract
2785,11.9.2018,Super Petrel - 100,S0204,LZ-GES,Very Light Aeroplane,Purchase and Sale Agreement
2596,30.8.2018,P92 S ECHO,01452,LZ-DPG,Very Light Aeroplane,Purchase and Sale Agreement
2779,24.8.2018,GEMINI FLASH IIA,812-1190-7-W605,LZ-NKB,Motor-hanglider,Purchase and Sale Agreement
2776,14.8.2018,F172L,F172-0824,LZ-SIG,Small Aeroplane,Purchase and Sale Agreement
2773,10.8.2018,Cirrus SR22,02503,LZ-SEV,Small Aeroplane,Purchase and Sale Agreement
2764,07.8.2018,MS-893-A,11446,LZ-EDG,Small Aeroplane,Purchase and Sale Agreement
2769,23.7.2018,Boeing 737-300,26571,LZ-MVK,Large Aeroplane,Lease contract
2353,04.7.2018,Piper PA34-200T Seneca II,34-8070104,LZ-ABP,Small Aeroplane,Purchase and Sale Agreement
2582,03.7.2018,PA 28R-201T,2803011,LZ-SPE,Small Aeroplane,Purchase and Sale Agreement
2765,14.6.2018,Swan II Skyter,MK04 080401,LZ-RUT,Motor-hanglider,Purchase and Sale Agreement
2760,07.6.2018,CT,99-06-04-57,LZ-SCS,Very Light Aeroplane,Purchase and Sale Agreement
2573,28.5.2018,BEAGLE B121 Series 1,B121-006,LZ-PTA,Small Aeroplane,Purchase and Sale Agreement
2524,10.5.2018,AN-26B,12201,LZ-FLL,Large Aeroplane,Lease contract
2522,10.5.2018,AN-26B,12010,LZ-FLA,Large Aeroplane,Lease contract
2759,08.5.2018,P2008JC,01091,LZ-DBK,Very Light Aeroplane,Purchase and Sale Agreement
2575,24.4.2018,Ikarus C 42 B,1101-7131,LZ-AGR,Very Light Aeroplane,Lease contract
2261,24.4.2018,P-180 Avanti,1032,LZ-ASP,Small Aeroplane,Purchase and Sale Agreement
2076,26.3.2018,Piper PA32-260,32-388,LZ-ANI,Small Aeroplane,Purchase and Sale Agreement
2723,20.3.2018,Schweizer 269D,00012,LZ-ARI,Small Rotorcraft,Purchase and Sale Agreement
2722,20.3.2018,Schweizer 269D,00027,LZ-AHI,Small Rotorcraft,Purchase and Sale Agreement
2747,15.3.2018,Boeing 737-400,28489,LZ-CGX,Large Aeroplane,Purchase and Sale Agreement
2060,02.3.2018,Gulfstream 200,11,LZ-FIB,Large Aeroplane,Purchase and Sale Agreement
2351,12.1.2018,Cessna  F 150 L,721,LZ-JTR,Small Aeroplane,Purchase and Sale Agreement
2354,06.12.2017,Cessna 150 M,150-78648,LZ-KTM,Small Aeroplane,Purchase and Sale Agreement
2625,14.11.2017,ECO 2,112499,LZ-ECO,Paramotor-Trike,Purchase and Sale Agreement
2561,14.11.2017,JA-600 (Skyleader-600),6244266 U,LZ-ACS,Very Light Aeroplane,Purchase and Sale Agreement
2488,07.11.2017,Antonov An-2,1G21620,LZ-1233,Small Aeroplane,Purchase and Sale Agreement
1957,07.11.2017,Antonov An-2,1G16703,LZ-DMC,Small Aeroplane,Purchase and Sale Agreement
1416,07.11.2017,Antonov An-2,1G13555,LZ-1103,Small Aeroplane,Purchase and Sale Agreement
2724,19.10.2017,TWIN ASTIR,3132,LZ-DVA,Glider,Purchase and Sale Agreement
2720,11.10.2017,Cameron Z-105,12115,LZ-GCF,Hot-air Balloon,Purchase and Sale Agreement
2715,14.9.2017,Cirrus SR22,00180,LZ-RTR,Small Aeroplane,Purchase and Sale Agreement
2717,11.9.2017,Diamond DA 40 D,D4.265,LZ-ASI,Small Aeroplane,Purchase and Sale Agreement
2714,30.8.2017,Bumble BEE II-6,7777-01,LZ-PPG,Motor-hanglider,Purchase and Sale Agreement
2711,29.8.2017,Pegasus Quantum 15,6997,LZ-MYW,Motor-hanglider,Purchase and Sale Agreement
2709,28.7.2017,Diamond DA 42,42.164,LZ-ASH,Small Aeroplane,Purchase and Sale Agreement
2708,25.7.2017,"Partenavia P66C ""Charlie""",33,LZ-PTS,Small Aeroplane,Purchase and Sale Agreement
2707,10.7.2017,Cessna 182 P,182-61786,LZ-AVP,Small Aeroplane,Purchase and Sale Agreement
2703,14.6.2017,Diamond DA 40 D,D4.266,LZ-ASL,Small Aeroplane,Purchase and Sale Agreement
2702,12.6.2017,Piper 44-180 Seminole ,44-8195008,LZ-BCW,Small Aeroplane,Purchase and Sale Agreement
2697,01.6.2017,DA20-A1,10176,LZ-BCD,Small Aeroplane,Purchase and Sale Agreement
2646,30.5.2017,Boeing 737-400,25795,LZ-CGV,Large Aeroplane,Purchase and Sale Agreement
2693,18.4.2017,Boeing 737-300,29100,LZ-BVM,Large Aeroplane,Lease contract
2692,18.4.2017,Boeing 737-300,29265,LZ-BVR,Large Aeroplane,Lease contract
2691,11.4.2017,Boeing 737-300,29264,LZ-BVN,Large Aeroplane,Lease contract
2690,11.4.2017,Boeing 737-300,29072,LZ-BVL,Large Aeroplane,Lease contract
1169,21.3.2017,Antonov An-2,1G19356,LZ-1411,Small Aeroplane,Purchase and Sale Agreement
1167,21.3.2017,Antonov An-2,1G20217,LZ-1409,Small Aeroplane,Purchase and Sale Agreement
1166,21.3.2017,Antonov An-2,1G18717,LZ-1408,Small Aeroplane,Purchase and Sale Agreement
1165,21.3.2017,Antonov An-2,1G17926,LZ-1407,Small Aeroplane,Purchase and Sale Agreement
1007,21.3.2017,Antonov An-2,1G16911,LZ-1406,Small Aeroplane,Purchase and Sale Agreement
1006,21.3.2017,Antonov An-2,1G16507,LZ-1405,Small Aeroplane,Purchase and Sale Agreement
1005,21.3.2017,Antonov An-2,1G16415,LZ-1404,Small Aeroplane,Purchase and Sale Agreement
1930,14.3.2017,Antonov An-2,1G18922,LZ-1602,Small Aeroplane,Purchase and Sale Agreement
2676,01.3.2017,Savage CUB,234,LZ-SAV,Very Light Aeroplane,Purchase and Sale Agreement
2675,22.2.2017,P92-JS,00146,LZ-DBJ,Small Aeroplane,Purchase and Sale Agreement
2472,10.2.2017,TL-2000 Sting Carbon,08ST298,LZ-DRI,Very Light Aeroplane,Purchase and Sale Agreement
2670,08.2.2017,Cameron Balloon Z-120,11522,LZ-ACT,Hot-air Balloon,Purchase and Sale Agreement
2662,05.1.2017,Pegasus Quasar 2 TC,SW-TQC-0070,LZ-SHS,Experimental,Purchase and Sale Agreement
2377,22.12.2016,Comp Air 7,1,LZ-GAA,Experimental,Purchase and Sale Agreement
2658,15.12.2016,Piper PA-38-112,38-80-A0102,LZ-SBB,Small Aeroplane,Purchase and Sale Agreement
2414,22.11.2016,ERJ 190-100 IGW,19000584,LZ-PLO,Large Aeroplane,Lease contract
2393,22.11.2016,ERJ 190-100 IGW,19000551,LZ-BUR,Large Aeroplane,Lease contract
2373,22.11.2016,ERJ 190-100 IGW,19000496,LZ-VAR,Large Aeroplane,Lease contract
2363,22.11.2016,ERJ 190-100 IGW,19000492,LZ-SOF,Large Aeroplane,Lease contract
2647,21.11.2016,FC-3,00001,LZ-MAR,Experimental,Purchase and Sale Agreement
2029,17.11.2016,Antonov An-2,1G18149,LZ-1182,Small Aeroplane,Purchase and Sale Agreement
2641,17.10.2016,BB30Z,01276,LZ-APP,Hot-air Balloon,Purchase and Sale Agreement
2638,20.9.2016,Piaggio P 180 Avanti II,1185,LZ-ASO,Small Aeroplane,Purchase and Sale Agreement
2630,30.8.2016,Bristell UL,211/2016,LZ-MAN,Very Light Aeroplane,Purchase and Sale Agreement
2628,25.7.2016,P-2008 JC,01064,LZ-NTH,Very Light Aeroplane,Purchase and Sale Agreement
2627,20.7.2016,Beechcraft Sierra B24R,MC-356,LZ-SBA,Small Aeroplane,Purchase and Sale Agreement
2626,18.7.2016,L 13 SW Vivat,850103,LZ-NKI,Very Light Aeroplane,Purchase and Sale Agreement
2461,23.6.2016,TL 3000 SIRIUS,13 SI 86,LZ-IKG,Very Light Aeroplane,Purchase and Sale Agreement
2030,20.6.2016,Antonov An-2,1G5703,LZ-SNE,Small Aeroplane,Purchase and Sale Agreement
2154,20.5.2016,MS-885 Super Rallye,53,LZ-PTM,Small Aeroplane,Purchase and Sale Agreement
2611,13.5.2016,PA 28RT-201T,28R-8231046,LZ-SPF,Small Aeroplane,Purchase and Sale Agreement
2608,28.4.2016,M-320 “Agent”,2,LZ-SLM,Experimental,Purchase and Sale Agreement
2397,01.4.2016,Boeing 737-300,24665,LZ-BOT,Large Aeroplane,Lease contract
2514,24.3.2016,Boeing 737-300,26852,LZ-BOO,Large Aeroplane,Lease contract
2598,29.2.2016,Cessna  F 150 L,150-1041,LZ-BCC,Small Aeroplane,Purchase and Sale Agreement
2591,20.1.2016,Boeing 737-448,24773,LZ-CGU,Large Aeroplane,Lease contract
2453,12.12.2015,Antonov An-2,1G21619,LZ-1232,Small Aeroplane,Purchase and Sale Agreement
2318,12.12.2015,Antonov An-2,1G16101,LZ-1149,Small Aeroplane,Purchase and Sale Agreement
2057,12.12.2015,Antonov An-2,1G20620,LZ-1203,Small Aeroplane,Purchase and Sale Agreement
2579,04.11.2015,Pipistrel Virus SW,704 SWN 100,LZ-HEC,Very Light Aeroplane,Purchase and Sale Agreement
2578,27.10.2015,Cessna 172RG,172RG0861,LZ-SPD,Small Aeroplane,Lease contract
2430,24.8.2015,Beech A23,M-678,LZ-BCF,Small Aeroplane,Purchase and Sale Agreement
2555,20.8.2015,Antonov An-2,1G14901,LZ-ACM,Small Aeroplane,Lease contract
2567,06.8.2015,PZL-Koliber 150,3900041,LZ-FDA,Small Aeroplane,Purchase and Sale Agreement
2562,15.7.2015,TL 2000 Sting S4,13ST404,LZ-RSD,Very Light Aeroplane,Purchase and Sale Agreement
2553,15.6.2015,Boeing 737-400,24691,LZ-CGT,Large Aeroplane,Lease contract
2537,13.3.2015,P92 S ECHO,01119,LZ-MKI,Very Light Aeroplane,Purchase and Sale Agreement
2535,26.2.2015,BB 22 E,01069,LZ-SHI,Balloon,Purchase and Sale Agreement
2523,07.11.2014,Cessna F172 N,F172-1817,LZ-SPB,Small Aeroplane,Purchase and Sale Agreement
2520,17.10.2014,Cessna 172 N,172-72952,LZ-SPC,Small Aeroplane,Purchase and Sale Agreement
2516,29.9.2014,Cessna F 172N,F17201927,LZ-APR,Small Aeroplane,Lease contract
2113,26.9.2014,PA 28-201,28-7921087,LZ-SVI,Small Aeroplane,Lease contract
2179,31.7.2014,Cessna 152,152-81123,LZ-BVC,Small Aeroplane,Purchase and Sale Agreement
2169,10.6.2014,R44 Raven,1713,LZ-HAP,Small Rotorcraft,Purchase and Sale Agreement
2496,02.6.2014,MTOsport,D07G30,LZ-BBV,Gyroplane,Purchase and Sale Agreement
2495,31.5.2014,P92-JS,00131,LZ-DBF,Very Light Aeroplane,Purchase and Sale Agreement
2491,28.4.2014,PA-34-220T (Seneca III),3433171,LZ-SPA,Small Aeroplane,Purchase and Sale Agreement
2481,13.3.2014,Antonov An-2,1G12905,LZ-1207,Small Aeroplane,Purchase and Sale Agreement
2479,07.3.2014,ZODIAC CH601,608-025,LZ-ASN,Experimental,Purchase and Sale Agreement
2201,25.2.2014,Antonov An-2,1G14546,LZ-1117,Small Aeroplane,Purchase and Sale Agreement
2469,19.2.2014,CF300 Prime,BPU007-13,LZ-XIX,Very Light Aeroplane,Purchase and Sale Agreement
2471,22.1.2014,TL3000 Sirius,13 SI 89,LZ-DVT,Very Light Aeroplane,Purchase and Sale Agreement
2458,27.11.2013,Boeing 737-400,26306,LZ-CGS,Large Aeroplane,Lease contract
2395,08.11.2013,Learjet 60,60-329,LZ-BVE,Large Aeroplane,Purchase and Sale Agreement
2459,04.11.2013,M-18A Dromader,1Z021-3,LZ-KEC,Small Aeroplane,Purchase and Sale Agreement
2457,15.10.2013,Gyroplane NN-09,O9-O1,LZ-NKA,Gyroplane,Purchase and Sale Agreement
2456,15.10.2013,Gyroplane NN-04,O4-O1,LZ-NKO,Gyroplane,Purchase and Sale Agreement
2455,10.10.2013,Diamond DA 42,42.143,LZ-MCI,Small Aeroplane,Purchase and Sale Agreement
2454,28.9.2013,BRISTЕLL UL,035/2012,LZ-COT,Very Light Aeroplane,Purchase and Sale Agreement
2451,30.8.2013,Alpha Trainer,564 AT 912,LZ-AAT,Very Light Aeroplane,Purchase and Sale Agreement
2447,14.8.2013,Jabiru UL,PFA 274-13322,LZ-JAB,Very Light Aeroplane,Purchase and Sale Agreement
2446,26.7.2013,Tanarg 912 ES,T13020,LZ-WOL,Motor-hanglider,Purchase and Sale Agreement
2445,23.7.2013,Cessna F 172K,F17200781,LZ-ILO,Small Aeroplane,Purchase and Sale Agreement
2429,09.7.2013,Boeing 737-400,24474,LZ-CGR,Large Aeroplane,Lease contract
2432,07.6.2013,Antonov An-2,1G11940,LZ-1211,Small Aeroplane,Purchase and Sale Agreement
2426,18.4.2013,Antonov An-2,1G16611,LZ-1160,Small Aeroplane,Purchase and Sale Agreement
II-135,01.11.2012,TL-2000 Sting S4,12 ST 393,LZ-TRD,Very Light Aeroplane,Purchase and Sale Agreement
2410,25.10.2012,Cessna F172P,17202045,LZ-RDT,Small Aeroplane,Purchase and Sale Agreement
2130,28.9.2012,M-18 Dromader,1Z-009-24,LZ-8012,Small Aeroplane,Purchase and Sale Agreement
II-133,21.9.2012,CT LS,F-08-06-05,LZ-MMS,Very Light Aeroplane,Purchase and Sale Agreement
2399,17.7.2012,Antonov An-2,1G21316,LZ-1225,Small Aeroplane,Lease contract
2396,14.7.2012,Piper PA34-200T,34-8170041,LZ-TLU,Small Aeroplane,Purchase and Sale Agreement
2391,12.6.2012,ATL L,3,LZ-DXS,Small Aeroplane,Purchase and Sale Agreement
2390,11.6.2012,Cessna 182 P,182-61091,LZ-AIB,Small Aeroplane,Purchase and Sale Agreement
2389,11.6.2012,Cessna 150L,15075558,LZ-TTE,Small Aeroplane,Purchase and Sale Agreement
2388,05.6.2012,Cessna 172N,17269692,LZ-AIA,Small Aeroplane,Purchase and Sale Agreement
2387,04.6.2012,Cessna 172N,172-70544,LZ-GAS,Small Aeroplane,Purchase and Sale Agreement
2384,30.5.2012,Cessna F172N,F17201836,LZ-SPP,Small Aeroplane,Purchase and Sale Agreement
2383,30.5.2012,Cessna F172M,F17200937,LZ-SPV,Small Aeroplane,Purchase and Sale Agreement
2382,30.5.2012,Cessna 172N,17270323,LZ-SPT,Small Aeroplane,Purchase and Sale Agreement
2364,30.3.2012,Boeing 737-300,25614,LZ-CGQ,Large Aeroplane,Lease contract
2355,21.12.2011,P92-JS,00057,LZ-BVG,Very Light Aeroplane,Purchase and Sale Agreement
2350,25.10.2011,Z-37A,2028,LZ-3103,Small Aeroplane,Purchase and Sale Agreement
2349,17.10.2011,P2006T,00082,LZ-TMH,Small Aeroplane,Purchase and Sale Agreement
2348,13.10.2011,Cessna 175A,56767,LZ-CTO,Small Aeroplane,Purchase and Sale Agreement
2336,07.9.2011,Cessna 182 M,182-59666,LZ-BVP,Small Aeroplane,Purchase and Sale Agreement
2339,19.7.2011,L-410 UVP-E20,72621,LZ-CCQ,Large Aeroplane,Purchase and Sale Agreement
2331,10.5.2011,Z-37A,727,LZ-BCB,Small Aeroplane,Purchase and Sale Agreement
2333,18.4.2011,Kamov Ka-26,7705906,LZ-6061,Rotorcraft,Purchase and Sale Agreement
2332,15.4.2011,PA 28-151,28-7415538,LZ-SPS,Small Aeroplane,Purchase and Sale Agreement
2301,27.7.2010,Boeing 737-300,23970,LZ-CGP,Large Aeroplane,Lease contract
2293,26.5.2010,Kamov Ka-26,7605509,LZ-6048,Rotorcraft,Purchase and Sale Agreement
2280,07.4.2010,L-410 UVP-E20,02720,LZ-CCV,Large Aeroplane,Purchase and Sale Agreement
2273,16.9.2009,Grumman AA-5,202,LZ-LLS,Small Aeroplane,Purchase and Sale Agreement
2266,10.7.2009,L 410 UVP-E20,902425,LZ-CCS,Large Aeroplane,Purchase and Sale Agreement
2269,08.7.2009,M20R,29-0441,LZ-SPY,Small Aeroplane,Purchase and Sale Agreement
2260,13.4.2009,R44 Astro,181,LZ-KMK,Small Rotorcraft,Purchase and Sale Agreement
2259,06.4.2009,Z-37A,1727,LZ-3110,Small Aeroplane,Purchase and Sale Agreement
2255,30.3.2009,L-410 UVP-E20,912528,LZ-CCT,Large Aeroplane,Purchase and Sale Agreement
2242,05.1.2009,M-18A Dromader,1Z021-17,LZ-KEB,Small Aeroplane,Purchase and Sale Agreement
2211,30.7.2008,Boeing 737-300,23237,LZ-CGO,Large Aeroplane,Purchase and Sale Agreement
2202,04.6.2008,Diamond DA 42,42.362,LZ-IDL,Small Aeroplane,Lease contract
2180,22.10.2007,M-18 Dromader,1Z-009-29,LZ-8017,Small Aeroplane,Purchase and Sale Agreement
2128,22.3.2007,L-410 UVP-E20,912540,LZ-CCP,Large Aeroplane,Purchase and Sale Agreement
2145,01.3.2007,Antonov An-2,1G16701,LZ-1262,Small Aeroplane,Purchase and Sale Agreement
2144,01.3.2007,Antonov An-2,1G16613,LZ-1162,Small Aeroplane,Purchase and Sale Agreement
2129,20.12.2006,Antonov An-2,1G20622,LZ-VLE,Small Aeroplane,Purchase and Sale Agreement
2083,11.7.2006,Antonov An-2,1G9205,LZ-1057,Small Aeroplane,Purchase and Sale Agreement
2053,13.3.2006,Z-37A,1729,LZ-BCA,Small Aeroplane,Purchase and Sale Agreement
2048,14.2.2006,Antonov An-2,1G5522,LZ-916,Small Aeroplane,Purchase and Sale Agreement
2020,16.11.2005,Antonov An-2,1G20254,LZ-1505,Small Aeroplane,Purchase and Sale Agreement
2001,10.6.2005,Antonov An-2,1G16005,LZ-1146,Small Aeroplane,Lease contract
1960,18.3.2005,Antonov An-2,1G19505,LZ-VLC,Small Aeroplane,Purchase and Sale Agreement
1938,18.1.2005,Antonov An-2,1G5509,LZ-VBC,Small Aeroplane,Purchase and Sale Agreement
1937,18.1.2005,Antonov An-2,1G9204,LZ-VBB,Small Aeroplane,Purchase and Sale Agreement
1779,25.11.2003,Z-37,21-20,LZ-GPG,Small Aeroplane,Purchase and Sale Agreement
1725,04.2.2003,M-18 Dromader,1Z-009-12,LZ-8008,Small Aeroplane,Purchase and Sale Agreement
1562,13.3.2001,Antonov An-2,1G18157,LZ-1187,Small Aeroplane,Purchase and Sale Agreement
1290,16.4.1999,Antonov An-2,1G16615,LZ-1164,Small Aeroplane,Purchase and Sale Agreement
1212,27.4.1998,Antonov An-2,1G16356,LZ-1251,Small Aeroplane,Purchase and Sale Agreement
1182,05.11.1997,Antonov An-2,1G19513,LZ-VLD,Small Aeroplane,Purchase and Sale Agreement
1102,03.4.1996,Antonov An-2,1G19036,LZ-VLB,Small Aeroplane,Purchase and Sale Agreement
1092,14.7.1995,Antonov An-2,1G18948,LZ-VLA,Small Aeroplane,Purchase and Sale Agreement
1078,30.3.1995,Z-37A,2004,LZ-3107,Small Aeroplane,Purchase and Sale Agreement
1075,30.3.1995,Z-37A,1813,LZ-3104,Small Aeroplane,Purchase and Sale Agreement
1073,30.3.1995,Z-37A,2103,LZ-3102,Small Aeroplane,Purchase and Sale Agreement